peptide	allele	gene_name	n_tissues	best_rank	support_count
FPHLRPVL	HLA-B08:01	OR10AC1	67	0.0073117826086979	2
HEFQHVLF	HLA-B18:01	OR5AK3P	52	0.0170494130435	2
FPHLRPVL	HLA-B07:02	OR10AC1	67	0.0932133695652228	2
DAKKRINL	HLA-B08:01	CYFIP2	4	0.110443086956519	2
DEHVVCKV	HLA-B18:01	IGHM	68	0.1714794130435	2
APYGRITL	HLA-B08:01	CYFIP2	4	0.269215369565223	2
YEKTVEVL	HLA-B40:01	CYFIP2	4	0.355222608695641	2
MQIELARY	HLA-B15:01	CYFIP2	4	0.373661652173921	2
LPPAAALL	HLA-B51:01	OR10AC1	67	0.395855478260838	2
IEFSLEEW	HLA-B44:02	ZNF138	7	0.443921217391277	2
IEFSLEEW	HLA-B44:02	ZNF565	68	0.443921217391277	2
IEFSLEEW	HLA-B44:02	ZNF737	26	0.443921217391277	2
IEFSLEEW	HLA-B44:02	ZNF860	68	0.443921217391277	2
IEFSLEEW	HLA-B44:02	ZNF92	60	0.443921217391277	2
IAHRLSTI	HLA-B51:01	ABCB1	1	0.472497217391269	2
IAHRLSTI	HLA-B51:01	ABCB4	2	0.472497217391269	2
LYMVRTML	HLA-B08:01	CYFIP2	4	0.553033782608643	2
TPSEKHML	HLA-B08:01	CYFIP2	4	0.645561086956502	2
FRDVAIEF	HLA-B38:01	ZNF28	58	0.689875565217351	2
FRDVAIEF	HLA-B38:01	ZNF480	68	0.689875565217351	2
FRDVAIEF	HLA-B38:01	ZNF565	68	0.689875565217351	2
FRDVAIEF	HLA-B38:01	ZNF578	68	0.689875565217351	2
FRDVAIEF	HLA-B38:01	ZNF595	5	0.689875565217351	2
FRDVAIEF	HLA-B38:01	ZNF611	49	0.689875565217351	2
FRDVAIEF	HLA-B38:01	ZNF737	26	0.689875565217351	2
FRDVAIEF	HLA-B38:01	ZNF766	68	0.689875565217351	2
FRDVAIEF	HLA-B38:01	ZNF860	68	0.689875565217351	2
FRDVAIEF	HLA-B38:01	ZNF880	68	0.689875565217351	2
HQIIPHTY	HLA-B15:01	OR52E1	24	0.733722695652182	2
RRGGTWKL	HLA-B27:05	KCNQ3	68	0.789881478260821	2
FALPAGIL	HLA-B51:01	KCNQ3	68	0.798600304347779	2
APYGRITL	HLA-B51:01	CYFIP2	4	0.856782956521729	2
FLYDEIEA	HLA-A02:01	CYFIP2	4	0.892722065217342	2
MIKGLQVL	HLA-B08:01	CYFIP2	4	0.911661565217349	2
LPDQQPCI	HLA-B51:01	CYFIP2	4	0.987335826086922	2
LADQIFAY	HLA-B35:01	CYFIP2	4	1.01003128260864	2
GRLKFARK	HLA-B27:05	KCNQ3	68	1.02062899999994	2
GRITLHVF	HLA-B27:05	CYFIP2	4	1.0425104782608	2
MEVYSWKL	HLA-B40:01	CYFIP2	4	1.04300113043474	2
SAHVMEVY	HLA-B35:01	CYFIP2	4	1.21865441304344	2
KRAAQFLR	HLA-B27:05	CYFIP2	4	1.25761360869562	2
NRYETLLK	HLA-B27:05	CYFIP2	4	1.25875484782603	2
SMMEYVLY	HLA-B15:01	CYFIP2	4	1.32599219565214	2
LYMVRTML	HLA-A24:02	CYFIP2	4	1.34295254347822	2
CEKCGKAF	HLA-B44:02	ZNF222	68	1.35826663043474	2
CEKCGKAF	HLA-B44:02	ZNF43	65	1.35826663043474	2
CEKCGKAF	HLA-B44:02	ZNF595	65	1.35826663043474	2
CEKCGKAF	HLA-B44:02	ZNF92	68	1.35826663043474	2
SQLWFREF	HLA-B15:01	CYFIP2	4	1.38069554347821	2
YIKTSAHY	HLA-B15:01	CYFIP2	4	1.43426519565214	2
LEPEVTKL	HLA-B40:01	CYFIP2	4	1.43502252173907	2
MPWILTDH	HLA-B35:01	CYFIP2	4	1.75198228260866	2
